<?xml version="1.0" encoding="UTF-8"?>
<recordList>
    <record order-number="1">
        <orderDate>2020-10-17</orderDate>
        <vendorId>102</vendorId>
    </record>
    <record order-number="2">
        <orderDate>2020-10-17</orderDate>
        <vendorId>103</vendorId>
    </record>
    <record order-number="3">
        <orderDate>2020-10-17</orderDate>
        <vendorId>104</vendorId>
    </record>
    <record order-number="4">
        <orderDate>2020-10-17</orderDate>
        <vendorId>105</vendorId>
    </record>
    <record order-number="5">
        <orderDate>2020-10-17</orderDate>
        <vendorId>106</vendorId>
    </record>
</recordList>

